,Beta,Beta,Beta,Beta,Beta,Beta,Beta,Beta,Beta
,0.1,0.15,0.2,0.25,0.3,0.35,optimal,0.45,0.5
mean,2.1456222239931444,2.5143192343485063,2.838357330490133,3.11883333307616,3.3639224932994414,3.572398912608109,3.82091593283391,3.9540185529911986,4.145582376074753
true asymptotic variance,3.9960947036743164,3.9960947036743164,3.9960947036743164,3.9960947036743164,3.9960947036743164,3.9960947036743164,3.9960947036743164,3.9960947036743164,3.9960947036743164
variance,0.05109073025156894,0.07635302546144425,0.10504527282399845,0.14952438309794455,0.19596618769932103,0.26263790278135196,0.3832335821906212,0.4525837232111344,0.705475155693397
bias-variance trade-off,3.4753391283089545,2.2720115669571688,1.4454010980914118,0.9191118954417006,0.5956078912695763,0.4421560261485714,0.41392118394377686,0.4543541256674428,0.7278217198930972
