,mean,mean,mean,std,std,std
,AR,Multiplier,MA,AR,Multiplier,MA
1000,0.06939851411999998,0.0009044092199999909,1.0081067991800017,0.005501254537004682,0.00012911838588043316,0.2754870666387413
2000,0.1341244116799999,0.0013774517199999536,,0.0028148161688170883,8.146332441458648e-05,
5000,0.32882537417999985,0.003170045819999103,,0.0056818202199061954,0.0007492431038481177,
10000,0.6564642158600005,0.0054116283000006146,,0.008287001868143363,0.00032616936222860574,
